Type,Name,Request Count,Failure Count,Median Response Time,Average Response Time,Min Response Time,Max Response Time,Average Content Size,Requests/s,Failures/s,50%,66%,75%,80%,90%,95%,98%,99%,99.9%,99.99%,100%
POST,/auth/client,25480,0,8,9.670065922292006,1.531699999986813,71.39229999999941,407.0,141.88927922647758,0.0,8,11,13,14,19,23,28,33,52,71,71
POST,/auth/mutual,25480,0,9,11.373087095761397,1.544800000001345,81.35780000000636,705.0,141.88927922647758,0.0,9,13,15,17,22,27,34,39,58,73,81
POST,/auth/server,25480,0,7,8.781272676609165,1.5263999999888256,66.51890000000549,107.0,141.88927922647758,0.0,7,9,11,13,17,21,27,32,45,61,67
POST,/auth/verify,25480,0,9,10.274682684458373,1.6011000000020204,74.81530000001158,181.0,141.88927922647758,0.0,9,12,14,15,20,25,31,36,53,66,75
,Aggregated,101920,0,8,10.02477709478023,1.5263999999888256,81.35780000000636,350.0,567.5571169059103,0.0,8,11,13,15,19,24,31,36,53,70,81
