Type,Name,Request Count,Failure Count,Median Response Time,Average Response Time,Min Response Time,Max Response Time,Average Content Size,Requests/s,Failures/s,50%,66%,75%,80%,90%,95%,98%,99%,99.9%,99.99%,100%
POST,/auth/client,23141,0,15,17.935233961367175,1.5493000000006418,147.94919999999934,407.0,128.8347129861735,0.0,15,20,24,27,35,43,53,63,92,130,150
POST,/auth/mutual,23137,0,19,22.670175982193093,1.7218000000003286,154.68749999999432,705.0,128.8124434709432,0.0,19,25,30,33,44,54,68,80,120,140,150
POST,/auth/server,23143,0,14,17.04761880914318,1.5979999999977679,119.52990000000341,107.0,128.84584774378868,0.0,14,19,23,25,33,41,52,63,91,110,120
POST,/auth/verify,23129,0,13,15.848986947122636,1.626800000003925,118.86129999999184,65.90950754464093,128.76790444048257,0.0,13,18,21,23,30,38,48,56,83,110,120
,Aggregated,92550,0,15,18.375617201512796,1.5493000000006418,154.68749999999432,321.2392652620205,515.2609086413879,0.0,15,20,24,27,36,45,57,67,100,130,150
